{"commit":"752502a5f62450dd6555e39d77a464fb4c5043e7","pagesAndArtboards":{"1DE46B4F-5359-467E-A7F5-760EF5C9A781":{"name":"Symbols","artboards":{"03EE982A-6748-4D97-B49E-187D9FC3E0DE":{"name":"icons\/credit-card"},"6444B434-E22E-4095-8E38-6DE30F22CE61":{"name":"icons\/users"},"291A4CDE-20AB-423E-B85D-9F99725669A8":{"name":"icons\/activity"},"95814BA5-075F-4D11-8993-BF863CD7EED9":{"name":"icons\/settings"},"1690702B-584F-4C12-B005-C4BB015BA29A":{"name":"status-bar"}}},"4D8942E0-43E2-48F8-9F84-F7C44587A922":{"name":"Page 1","artboards":{"48737EEA-2047-41EC-9BFF-EB26E367A21D":{"name":"shower"},"A111D19D-DEB0-4F18-97F9-856038C1A13A":{"name":"home"},"560D58BA-32C1-4B7C-A4C8-A0A179FE7B11":{"name":"manage-control"}}}},"version":93,"fonts":["SFProText-Regular","SFUIDisplay-Medium","SFUIDisplay-Semibold","SFUIDisplay-Heavy","SFProText-Semibold","SFUIDisplay-Bold"],"compatibilityVersion":93,"app":"com.bohemiancoding.sketch3","autosaved":0,"variant":"NONAPPSTORE","created":{"commit":"752502a5f62450dd6555e39d77a464fb4c5043e7","appVersion":"46.2","build":44496,"app":"com.bohemiancoding.sketch3","compatibilityVersion":93,"version":93,"variant":"NONAPPSTORE"},"saveHistory":["NONAPPSTORE.44496"],"appVersion":"46.2","build":44496}